C:/Users/Consiliari/Glacius Labs/Markitect	refs/heads/codex/government-assessment	4a3109715d9fbb1e2e684d1e9ec0d2813243f632	DIRTY: ?? docs/design/concepts/README.md; ?? docs/design/concepts/canonical-model-and-delegated-development.md; ?? docs/design/concepts/discussion-impulse-20261009-01.md; ?? docs/design/concepts/user-description-20261009.md
C:/Users/Consiliari/.codex/visualizations/2026/10/08/01a11d05-adbf-7082-b693-caebbfb83a2a/markitect-options	refs/heads/codex/knowledge-graph-frontmatter-options	6ddbc66e0ee3515149fcf806fca1f33bf2c8107e	clean
C:/Users/Consiliari/.codex/worktrees/c11-module-replacement/Markitect	refs/heads/codex/c11-module-replacement	6dd126fdf9e13cbddf0edf82fa4e72971744c792	DIRTY:  M internal/tooling/codexrunner/runner.py; ?? runs/c11only/original/repo/; ?? runs/c11only/original/runtime.json; ?? runs/c11only/replacement/repo/; ?? runs/c11only/replacement/runtime.json; ?? runs/c11only/v5/original/repo/; ?? runs/c11only/v5/replacement/repo/
C:/Users/Consiliari/.codex/worktrees/concepts-historian-notes/Markitect	refs/heads/codex/concepts-historian-notes	5be48ce1ba3f218ccfd0ed696bddf106b9a6ff5e	DIRTY:  M docs/README.md; ?? docs/design/concepts/README.md; ?? docs/design/concepts/canonical-model-and-delegated-development.md; ?? docs/design/concepts/discussion-boundaries-20261009.md; ?? docs/design/concepts/discussion-impulse-20261009-01.md; ?? docs/design/concepts/historian-intake.md; ?? docs/design/concepts/source-snapshot-20261009.md; ?? docs/design/concepts/user-description-20261009.md
C:/Users/Consiliari/.codex/worktrees/government-scientist/Markitect	refs/heads/codex/government-scientist	0a1e6963f9fa86d5c0affdcfa9061f928feebe74	clean
C:/Users/Consiliari/.codex/worktrees/government-worker/Markitect	refs/heads/codex/government-worker	04e225d5caee78c2a198607143863fca1e829750	clean
C:/Users/Consiliari/.codex/worktrees/ideas-notes/Markitect	refs/heads/codex/ideas-notes-20261009	274e617ec76ef959fccfcedd2d1b4f010ef2e4a9	clean
C:/Users/Consiliari/.codex/worktrees/marketing-notes/Markitect	refs/heads/codex/marketing-notes-20261009	5be48ce1ba3f218ccfd0ed696bddf106b9a6ff5e	DIRTY: ?? docs/strategy/marketing-research-log.md
C:/Users/Consiliari/.codex/worktrees/markitect-historian/Markitect	refs/heads/codex/markitect-historian-working-history	5be48ce1ba3f218ccfd0ed696bddf106b9a6ff5e	DIRTY: ?? docs/research/working-history/git-refs.tsv; ?? docs/research/working-history/github-issues.json; ?? docs/research/working-history/github-prs.json; ?? docs/research/working-history/github-releases.txt; ?? docs/research/working-history/inventory-captured-at-utc.txt
C:/Users/Consiliari/.codex/worktrees/product-app-server/Markitect	refs/heads/codex/product-app-server-20261009	8b3f69ec26d7e3d19e61b7de3156dd2ccaf3c2c8	clean
C:/Users/Consiliari/.codex/worktrees/product-integration/Markitect	refs/heads/codex/product-integration-20261009	3c4ab67cca313c1beabe82aafed34a5a5b513b0e	clean
C:/Users/Consiliari/.codex/worktrees/product-knowledge-graph/Markitect	refs/heads/codex/knowledge-graph	ebe5147025c8d1f5bf40c4dc30b14509c0e5d6e3	DIRTY:  M docs/work-items/knowledge-graph/continuation-handoff.md;  M docs/work-items/knowledge-graph/continuation-validation.md;  M docs/work-items/knowledge-graph/evidence/.gitattributes;  M markitect-artifacts.yaml; ?? docs/work-items/knowledge-graph/evidence/user-journey-ebe51470.json
C:/Users/Consiliari/.codex/worktrees/product-mcp/Markitect	refs/heads/codex/product-mcp-20261009	6e4b620fc8cf553690b22ba63ee9fa58dc063f21	clean
C:/Users/Consiliari/.codex/worktrees/product-workspaces/Markitect	refs/heads/codex/product-workspaces-20261009	4840bac0ac96a13e224f353bf926d6779ef3101e	clean
C:/Users/Consiliari/.codex/worktrees/projectrun-known-check-repair/Markitect	refs/heads/codex/projectrun-known-check-repair	97df2ca457687999823d57a8237a3f556e6c2e55	clean
C:/Users/Consiliari/.codex/worktrees/readiness-candidate-fix/Markitect	refs/heads/codex/readiness-candidate-fix-20261009	87fcb93caede1c0cc142dffb1a1dbb20e5f054a6	clean
